OBJECTID,LOCALID,NAME,GEOTYPE,FULLFIPS,LEGALAREA,EFFECTDATE,ENDDATE,SRCREF,ACRES,SQMILES,OLDNAME,NPU,CREATED_USER,CREATED_DATE,LAST_EDITED_USER,LAST_EDITED_DATE,GLOBALID,SHAPE_Area,SHAPE_Length
8,,Mt. Gilead Woods,Neighborhood,,,,,,35.59,0.06,Mt. Gilead Woods,P,,,GIS,2022/05/24 15:38:22+00,{0B7F1854-18A6-42CD-BDA4-CF6119EFD4D5},1550308.90366703,5341.89114069353
9,,Meadowbrook Forest,Neighborhood,,,,,,70.85,0.11,Meadowbrook Forest,P,,,GIS,2022/05/24 15:38:22+00,{6FE32BA0-9C9E-496F-BF73-9DBB21427BAB},3086026.56938903,7538.8190114387
12,,Just Us,Neighborhood,,,,,,17.69,0.03,Just Us,T,,,GIS,2022/05/24 15:38:22+00,{1C57E7B0-9F92-477D-9DF9-98CE4C268F94},770378.342040858,3760.12745397057
13,,Bush Mountain,Neighborhood,,,,,,49.8,0.08,Bush Mountain,S,,,GIS,2022/05/24 15:38:22+00,{50462634-1A5E-4D72-9509-06DBB9EEA0FA},2169448.61823314,7795.0860858622
14,,Briar Glen,Neighborhood,,,,,,66.55,0.1,Briar Glen,P,,,GIS,2022/05/24 15:38:22+00,{114318E1-DE48-43AA-853B-1708CAB5607F},2898718.32457546,8633.6982223542
18,,Poncey-Highland,Neighborhood,,,,,,240.47,0.38,Poncey Highlands,N,,,GIS,2022/05/24 15:38:22+00,{5AC2DA63-B808-49C1-B1C4-A3FA3B4F8FD1},10474687.162808,14120.5042757845
19,,Inman Park,Neighborhood,,,,,,383.68,0.6,Inman Park,N,,,GIS,2022/05/24 15:38:23+00,{7D64192F-7CB0-46B0-A783-33E7A509782B},16713067.8351949,18992.0795807224
20,,Candler Park,Neighborhood,,,,,,416.41,0.65,Candler Park,N,,,GIS,2022/05/24 15:38:23+00,{0F7FA6A0-1C62-4660-893F-D1402B7A93BA},18138661.0747603,17765.2219107988
21,,Edgewood,Neighborhood,,,,,,553.98,0.87,Edgewood,O,,,GIS,2022/05/24 15:38:23+00,{7699367F-7B51-457F-B02E-0A3B965455A8},24131319.4557696,22531.9087747627
22,,Custer/McDonough/Guice,Neighborhood,,,,,,288.25,0.45,Custer Ave/McDonough/Guic,W,,,GIS,2022/05/24 15:38:23+00,{9B394F40-A690-4CA6-9E3A-E76A6AC13200},12555914.6699653,16034.7155158087
23,,Thomasville Heights,Neighborhood,,,,,,406.59,0.64,Thomasville Heights,Z,,,GIS,2022/05/24 15:38:23+00,{370A8E25-DA75-4510-9DDD-723AE0FB38FF},17711139.0500351,18526.0690864058
24,,Norwood Manor,Neighborhood,,,,,,332.38,0.52,Norwood Manor,Z,,,GIS,2022/05/24 15:38:23+00,{7701FFA4-5F38-4CD1-8BB9-F3A3BCE2F5C7},14478200.8520636,21780.3971271804
25,,South River Gardens,Neighborhood,,,,,,1804.02,2.82,George High,Z,,,GIS,2022/05/24 15:38:23+00,{AD4831EB-8665-4D27-955F-A3FF96C3EAE1},78582885.1064715,38580.4562999613
26,,Blair Villa/Poole Creek,Neighborhood,,,,,,847.81,1.32,Blair Villa/Poole Creek,Z,,,GIS,2022/05/24 15:38:23+00,{4D27BC55-9703-4B6B-8967-620BC1B98D1E},36930406.9653131,27804.4174333533
27,,Rosedale Heights,Neighborhood,,,,,,200.03,0.31,Rosedale Heights,Z,,,GIS,2022/05/24 15:38:23+00,{F3A0E4E2-8CF8-4F65-AF59-12B8DA058AC2},8713077.42047444,15290.0484536925
28,,Lakewood,Neighborhood,,,,,,343.51,0.54,Lakewood,Z,,,GIS,2022/05/24 15:38:23+00,{A9DE02BA-02F3-4652-82CB-231BCC032ADC},14963436.516558,16265.9447459908
33,,Lindridge/Martin Manor,Neighborhood,,,,,,451.7,0.71,Lindridge-Martin Manor,F,,,GIS,2022/05/24 15:38:23+00,{90BE0814-C29E-4291-A2CC-92C43CD2C1E4},19676041.0772148,19387.2815573959
34,,Atkins Park,Neighborhood,,,,,,34.72,0.05,Atkins Park,F,,,GIS,2022/05/24 15:38:23+00,{DBB8794B-36D0-4BBD-B1C4-B9A987C608EE},1512562.99774099,5200.58013431001
35,,Piedmont Heights,Neighborhood,,,,,,310.55,0.49,Piedmont Heights,F,,,GIS,2022/05/24 15:38:23+00,{DA81D2A5-7C53-49BE-B87A-9FD679C4AB5E},13527657.6267403,16305.3706494828
46,,Collier Hills,Neighborhood,,,,,,151.42,0.24,Collier Hills,C,,,GIS,2022/05/24 15:38:24+00,{AE90C4DD-AD47-49F6-8846-47B1277D1DFA},6595615.11044814,11600.4951365746
47,,Colonial Homes,Neighborhood,,,,,,27.42,0.04,Colonial Homes,C,,,GIS,2022/05/24 15:38:24+00,{95ED6F40-0B41-44A8-A5BE-F06283326C51},1194477.70339101,4978.10993276711
48,,Cabbagetown,Neighborhood,,,,,,112.17,0.18,Cabbage Town,N,,,GIS,2022/05/24 15:38:24+00,{267DA5D6-6421-4870-AA02-137C41930051},4886223.4652232,9042.74879518384
49,,Reynoldstown,Neighborhood,,,,,,395.41,0.62,Reynoldstown,N,,,GIS,2022/05/24 15:38:24+00,{F178147A-A945-4234-8052-D81C012E4ECB},17223812.0943034,17900.2189637518
50,,The Villages at East Lake,Neighborhood,,,,,,187.26,0.29,East Lake Meadows,O,,,GIS,2022/11/08 16:43:10+00,{64F7E230-0B97-4A6E-9870-3E6B6C10369B},8101093.7550941,15563.8263063761
51,,Ormewood Park,Neighborhood,,,,,,505.91,0.79,Ormewood Park,W,,,GIS,2022/05/24 15:38:24+00,{EC67BCEC-A8CB-49B0-8979-4D36C9FC2D32},22037397.9561682,21428.4028948594
52,,Woodland Hills,Neighborhood,,,,,,94.71,0.15,Woodland Hills,W,,,GIS,2022/05/24 15:38:24+00,{01E58E2B-50D2-476B-9670-CDD137717CA1},4125419.68850194,8918.18627824192
53,,Benteen Park,Neighborhood,,,,,,180.54,0.28,Benteen,W,,,GIS,2022/05/24 15:38:24+00,{6F4AC49D-3F7D-4873-89C6-AEE0A2D6AAC5},7864496.37794289,13853.8158769751
54,,Boulevard Heights,Neighborhood,,,,,,140.21,0.22,Boulevard Heights,W,,,GIS,2022/05/24 15:38:24+00,{86A6BACD-68D0-40FD-83BA-9FD63C97B887},6107540.24423201,11725.6586747281
55,,Rebel Valley Forest,Neighborhood,,,,,,112.36,0.18,Rebel Valley Forest,Z,,,GIS,2022/05/24 15:38:24+00,{6B3F2CCF-2905-45C6-8B08-E6971E78C328},4894277.90575651,9128.26074995025
56,,Leila Valley,Neighborhood,,,,,,314.8,0.49,Leila Valley,Z,,,GIS,2022/05/24 15:38:24+00,{D3B20D8F-7D74-4A29-A947-FA64841311FA},13712534.1413444,24885.5192028361
57,,Chosewood Park,Neighborhood,,,,,,560.44,0.88,Choosewood Park,Y,,,GIS,2022/05/24 15:38:31+00,{EE550657-B80D-4F61-B2AB-DEE359E72B65},24412468.4180996,25519.1637909518
58,,Cascade Avenue/Road,Neighborhood,,,,,,673.3,1.05,Cascade Road,S,,,GIS,2022/05/24 15:38:24+00,{CDB5122B-F54E-4893-9264-C41C69E235D4},29328959.9535114,25579.3263733179
59,,Oakland City,Neighborhood,,,,,,630.39,0.98,Oakland City,S,,,GIS,2022/05/24 15:38:24+00,{EB398172-A2F8-42B4-B73A-D237D926B9C8},27459719.0325117,34560.3853975011
60,,Campbellton Road,Neighborhood,,,,,,282.91,0.44,Campbellton Road,R,,,GIS,2022/05/24 15:38:32+00,{7F9C6923-F17A-4C70-9F40-49235294CB69},12323572.8142463,15863.5603001759
61,,Southwest,Neighborhood,,,,,,1262.47,1.97,Southwest,R,,,GIS,2022/05/24 15:38:24+00,{430929E0-8949-48DD-9E5F-778F07F688F9},54992889.8360355,46142.6899811634
62,,Adams Park,Neighborhood,,,,,,628.53,0.98,Adams Park,R,,,GIS,2022/05/24 15:38:24+00,{806632F1-D3FC-4DD2-978A-42B625F8C601},27378542.8808632,21028.3650077128
63,,Mellwood,Neighborhood,,,,,,23.3,0.04,Melwood,P,,,GIS,2022/05/24 15:38:25+00,{0ED77AB2-19DB-41EA-A7CD-B5F9033327D5},1015011.19082165,4080.2077148072
64,,Tampa Park,Neighborhood,,,,,,17.19,0.03,Tampa Park,P,,,GIS,2022/05/24 15:38:25+00,{A54BDB59-7D9D-496A-80D1-17723D2F4D08},748868.042249654,3601.17232582406
65,,Brentwood,Neighborhood,,,,,,46.45,0.07,Brentwood,P,,,GIS,2022/05/24 15:38:25+00,{4CC9A239-E950-40E4-905B-46901522AE6D},2023496.46824406,6741.62413731234
71,,Ben Hill,Neighborhood,,,,,,685.22,1.07,Ben Hill,P,,,GIS,2022/05/24 15:38:25+00,{BE4276A0-2F34-4E15-8DDA-F8059ACC9E22},29848191.818025,38492.4396847403
72,,Berkeley Park,Neighborhood,,,,,,300.29,0.47,Berkeley Park,D,,,GIS,2022/05/24 15:38:25+00,{200941BA-621D-4CEB-85E1-DAE3F0C12784},13080788.1160151,17189.9550703548
73,,Underwood Hills,Neighborhood,,,,,,718.32,1.12,Underwood Hills,D,,,GIS,2022/05/24 15:38:25+00,{F6A29233-FF85-4169-91C3-73BFE2023102},31289894.060391,33420.1599316107
76,,Blandtown,Neighborhood,,,,,,495.03,0.77,Blandtown,D,,,GIS,2022/05/24 15:38:25+00,{B120B823-DF1C-43A1-8E6B-0CCA0C7A8D72},21563488.7043263,20216.3544592689
79,,West Highlands,Neighborhood,,,,,,507.02,0.79,Perry Homes,G,,,GIS,2022/05/24 15:38:25+00,{72D80BC0-3021-4444-AD33-48662B2AB619},22085523.1674219,26643.9976054873
80,,Rockdale,Neighborhood,,,,,,358.31,0.56,Rockdale,G,,,GIS,2022/05/24 15:38:25+00,{78733A65-6404-49A9-B440-7D53607EBB9A},15608124.1623918,20281.4330503028
83,,Center Hill,Neighborhood,,,,,,703.7,1.1,Center Hill,J,,,GIS,2022/05/24 15:38:26+00,{819901CA-CAD0-4D35-9F85-CAA55E6A32BA},30653084.1497734,23967.9131741831
88,,Orchard Knob,Neighborhood,,,,,,293.54,0.46,Orchard Knob,Z,,,GIS,2022/05/24 15:38:26+00,{5E05DAE9-12DE-4325-BB3A-52ADC8C6F61A},12786692.7288674,16208.2460017441
107,,Collier Hills North,Neighborhood,,,,,,70.82,0.11,Collier Hills North,C,,,GIS,2022/05/24 15:38:27+00,{CE2AFF29-1B1B-418A-A38A-2114FBB7255F},3085089.9611392,8092.46066189518
108,,Beecher Hills,Neighborhood,,,,,,284.6,0.44,Beecher Hills,I,,,GIS,2022/05/24 15:38:27+00,{BC9BDF0D-5112-4426-ADE8-1CA16ED00B79},12397197.1269366,14432.4679927337
109,,Westwood Terrace,Neighborhood,,,,,,141.13,0.22,Westwood Terrace,I,,,GIS,2022/05/24 15:38:27+00,{3E6368C9-2ADA-4B8F-A050-5CA8993A4FAE},6147411.67909855,10320.7700521598
110,,Harris Chiles,Neighborhood,,,,,,88.81,0.14,Harris Chiles,T,,,GIS,2022/05/24 15:38:27+00,{BAD4D86C-3A10-44F5-8AB1-A40B0D9C5F96},3868534.70861346,9290.74395695617
111,,The Villages at Castleberry Hill,Neighborhood,,,,,,57.14,0.09,John Hope Homes,T,,,GIS,2022/05/24 15:38:27+00,{6E8447E2-DC28-46CE-B8C8-C471B3F8776A},2488951.05447992,8962.47826466036
112,,Mozley Park,Neighborhood,,,,,,276.76,0.43,Mozley Park,K,,,GIS,2022/05/24 15:38:27+00,{EC7A089B-9291-4203-8AE8-03CCB7CB2288},12055696.0803432,15203.6319909932
113,,Washington Park,Neighborhood,,,,,,164.04,0.26,Washington Park,K,,,GIS,2022/05/24 15:38:27+00,{986A0A4A-F2FB-4A2D-9624-3DE233C589B4},7145351.78850589,11648.0554740511
114,,Knight Park/Howell Station,Neighborhood,,,,,,349.1,0.55,Knight Park,K,,,GIS,2022/05/24 15:38:27+00,{4BDB8A36-2292-4C3B-A0C1-588341184279},15206825.0410253,15754.7985265846
115,,Vine City,Neighborhood,,,,,,327.2,0.51,Vine City,L,,,GIS,2022/05/24 15:38:27+00,{152D8EFD-F10A-4B8F-A5A2-5C598194D64A},14252647.6753321,15292.3433577269
116,,Pittsburgh,Neighborhood,,,,,,512.04,0.8,Pittsburgh,V,,,GIS,2022/05/24 15:38:27+00,{63C400B4-DB52-468D-94AB-7296E3DC0210},22304542.4493933,24371.5036467895
117,,Peoplestown,Neighborhood,,,,,,339.63,0.53,Peoplestown,V,,,GIS,2022/05/24 15:38:27+00,{F040011D-A893-43E7-8EB5-BF60ABDE6F21},14794078.0222726,16258.5733875999
118,,Summerhill,Neighborhood,,,,,,344.65,0.54,Summerhill,V,,,GIS,2022/05/24 15:38:27+00,{2A9A4CBC-8100-4239-9FE1-14BD5C8DAEF4},15012702.6579595,16135.2823697348
119,,Castleberry Hill,Neighborhood,,,,,,180.78,0.28,Castleberry Hill,M,,,GIS,2022/05/24 15:38:27+00,{09F68C81-C92D-4009-B321-0A3C9491CE0F},7874681.05769513,12392.595213005
120,,Sweet Auburn,Neighborhood,,,,,,201.7,0.32,Butler Street,M,,,GIS,2022/05/24 15:38:27+00,{B3788601-5649-4364-9C30-D941B551E5E9},8786177.59136499,14029.3065704838
121,,Marietta Street Artery,Neighborhood,,,,,,236.35,0.37,Bellwood,E,,,GIS,2022/05/24 15:38:32+00,{D48D4DC9-8C40-43C9-BA71-2EDFF0165005},10295543.290033,19707.1099597582
122,,Sherwood Forest,Neighborhood,,,,,,133.45,0.21,Sherwood Forest,E,,,GIS,2022/05/24 15:38:27+00,{88552B0B-1C5E-498D-8948-3324B2FF398C},5813186.15674136,10307.2165458774
123,,Loring Heights,Neighborhood,,,,,,276.41,0.43,Loring Heights,E,,,GIS,2022/05/24 15:38:27+00,{A615CAA3-C62E-4ABC-A81D-F4DBA50D986D},12040196.423498,14778.9273786229
124,,Brookwood Hills,Neighborhood,,,,,,199.44,0.31,Brookwood Hills,E,,,GIS,2022/05/24 15:38:27+00,{086E471D-77AA-4A79-90C6-5EC7821C246E},8687531.07180882,15241.6166519041
126,,Mays,Neighborhood,,,,,,252.84,0.4, ,H,,,GIS,2022/05/24 15:38:28+00,{E0100CB2-7465-419A-B53F-FFB6ECA6C164},11013627.4105092,17787.0566380244
127,,Harvel Homes Community,Neighborhood,,,,,,15.79,0.02,Harvel Homes Community,J,,,GIS,2022/05/24 15:38:28+00,{42D37759-3A8B-4274-9D24-A92F9D3A74D0},687957.980306114,3613.28190645456
128,,Penelope Neighbors,Neighborhood,,,,,,126.25,0.2,Penelope Neighbors,J,,,GIS,2022/05/24 15:38:28+00,{867A7487-3E0F-4009-B82A-419CDB53DFD7},5499619.12591137,12181.1610045693
129,,Dixie Hills,Neighborhood,,,,,,467.77,0.73,Dixie Hills,J,,,GIS,2022/05/24 15:38:28+00,{BD20CBF5-8A5D-423D-A18C-0634F965B657},20375775.6165396,23970.957823504
130,,Grove Park,Neighborhood,,,,,,1341.66,2.1,Grove Park,J,,,GIS,2022/05/24 15:38:31+00,{99D06944-AAC3-4EF7-9FCD-79353A5BDF85},58442277.1274302,41561.529252
137,,Westhaven,Neighborhood,,,,,,151.81,0.24,Westhaven,I,,,GIS,2022/05/24 15:38:28+00,{8B26E3F8-0B0F-4AFD-9F7F-300C47A6B145},6612776.33533209,12208.2135502144
138,,Harland Terrace,Neighborhood,,,,,,294.69,0.46,Harland Terrace,I,,,GIS,2022/05/24 15:38:28+00,{C8A569C5-DD58-4C1F-9F93-10321DD951F7},12836674.5805104,18221.2305160631
139,,Peyton Forest,Neighborhood,,,,,,286.49,0.45,Peyton Forest,I,,,GIS,2022/05/24 15:38:28+00,{C68109AF-94C5-4E31-9CFE-7B05860B8ED4},12479594.7725516,18931.4892936719
140,,East Ardley Road,Neighborhood,,,,,,65.68,0.1,East Ardley Road,I,,,GIS,2022/05/24 15:38:28+00,{F390B456-5B78-4FC2-BE4C-0382FF9262AA},2860966.87167645,7269.55692682317
141,,West Manor,Neighborhood,,,,,,171.92,0.27,West Manor,I,,,GIS,2022/05/24 15:38:28+00,{6E347D39-ED9E-4CE0-BE65-B375BEDB2DE9},7488643.94631546,12776.4229066106
142,,Audobon Forest West,Neighborhood,,,,,,133.28,0.21,Audobon Forest West,I,,,GIS,2022/05/24 15:38:28+00,{20934A29-AA78-4E9D-A22F-2910DB18A468},5805870.61415796,11817.2162135069
143,,Audobon Forest,Neighborhood,,,,,,497.42,0.78,Audobon Forest,I,,,GIS,2022/05/24 15:38:31+00,{7465F3E4-9466-46D5-8299-BD0A8EF959B0},21667356.8410515,26039.5522742471
144,,Cascade Heights,Neighborhood,,,,,,659.5,1.03,Cascade Heights,I,,,GIS,2022/05/24 15:38:28+00,{07A29FF9-9AF7-4BA7-8081-C6FB1AD8D5F2},28727609.0394362,43543.0064430274
145,,Westview,Neighborhood,,,,,,400.61,0.63,Westview,T,,,GIS,2022/05/24 15:38:28+00,{EF5FC411-CFD8-4626-9C8C-59DB5B50EF81},17450290.1984514,19026.3195493935
146,,West End,Neighborhood,,,,,,680.99,1.06,West End,T,,,GIS,2022/05/24 15:38:29+00,{27B4B1D9-613B-4D24-951B-10C43AD02A85},29663975.8382223,25641.3382498227
147,,Ashview Heights,Neighborhood,,,,,,174.84,0.27,Ashview Heights,T,,,GIS,2022/05/24 15:38:29+00,{C5382063-DD98-416E-BF59-994B77584168},7615940.71698386,13510.2857959679
148,,Atlanta University Center,Neighborhood,,,,,,331.57,0.52,Atlanta University,T,,,GIS,2022/05/24 15:38:20+00,{D6CAF694-B83F-4CB9-B351-CA3E3145D0C7},14443249.7014755,21653.180629898
149,,Hunter Hills,Neighborhood,,,,,,322.58,0.5,Hunter Hills,K,,,GIS,2022/05/24 15:38:20+00,{8A4F3C84-CCC3-478C-82BA-7E4174935428},14051490.0891664,15264.6398183663
150,,Historic Westin Heights/Bankhead,Neighborhood,,,,,,416.09,0.65,Bankhead,K,,,GIS,2022/05/24 15:38:20+00,{70303C29-B16F-4E33-9FEC-A33B2244D3AB},18124781.6591654,18650.2262996435
151,,English Avenue,Neighborhood,,,,,,519.0,0.81,English Avenue,L,,,GIS,2022/05/24 15:38:20+00,{9B6F9DF9-B38E-46FB-993B-4D1DA42AC049},22607461.7652482,22909.9710898171
152,,Adair Park,Neighborhood,,,,,,289.28,0.45,Adair Park,V,,,GIS,2022/05/24 15:38:20+00,{D8FD5CB2-4D90-4EEB-A33A-B52E6D66E345},12600960.784733,18817.4307127799
153,,Mechanicsville,Neighborhood,,,,,,458.04,0.72,Mechanicsville,V,,,GIS,2022/05/24 15:38:20+00,{A855553A-F773-43F8-B387-2141FA16789D},19952180.2042268,20670.8117902358
154,,Capitol Gateway,Neighborhood,,,,,,84.01,0.13,Capitol Homes,V,,,GIS,2022/05/24 15:38:20+00,{3A97A58B-6747-4484-9522-91E111459365},3659381.64319955,7892.30943033524
155,,Grant Park,Neighborhood,,,,,,1108.24,1.73,Grant Park,W,,,GIS,2022/05/24 15:38:20+00,{7FE35433-34E9-4BC6-89E4-040064B1C526},48274661.4321185,30379.4496815801
156,,Hammond Park,Neighborhood,,,,,,389.94,0.61,Hammond Park,X,,,GIS,2022/05/24 15:38:20+00,{6B2192E3-7F7E-4944-A24B-70E9C23B7035},16985726.8154379,18065.803310517
157,,Capitol View,Neighborhood,,,,,,368.52,0.58,Capitol View,X,,,GIS,2022/05/24 15:38:20+00,{D5304CF1-D578-45C5-86AB-49E143BBEB2F},16052870.5272417,19524.4168906967
158,,High Point,Neighborhood,,,,,,65.21,0.1,High Point,Y,,,GIS,2022/05/24 15:38:20+00,{261B198D-A526-4532-95B7-98C9646C8F0E},2840400.47116473,7025.15020048679
159,,Joyland,Neighborhood,,,,,,86.37,0.13,Joyland,Y,,,GIS,2022/05/24 15:38:20+00,{516A024F-6B8A-4EB5-B98D-250FBFF4A945},3762423.82893647,7962.46073639403
160,,Betmar LaVilla,Neighborhood,,,,,,72.47,0.11,Betmar La Villa,Y,,,GIS,2022/05/24 15:38:20+00,{B1E012FF-310C-40FE-A1EE-684FEA37C37A},3156767.59205895,9015.80149314055
161,,The Villages at Carver,Neighborhood,,,,,,108.05,0.17,Carver Homes,Y,,,GIS,2022/05/24 15:38:20+00,{1C318454-84A7-4344-BC90-BC8E43C9CA27},4706681.21847399,9706.3937490816
163,,Fort McPherson,Neighborhood,,,,,,515.65,0.81,Fort McPherson,S,,,GIS,2022/05/24 15:38:21+00,{599C9196-A55D-4D03-A77F-55C24D008CCC},22461587.1806837,19595.1073253483
164,,Venetian Hills,Neighborhood,,,,,,615.88,0.96,Venetian Hills,S,,,GIS,2022/05/24 15:38:21+00,{7741E693-091A-4BA3-A44C-881B49ED3C50},26827771.1209231,23347.872394407
165,,Pomona Park,Neighborhood,,,,,,46.73,0.07,Pamond Park,R,,,GIS,2022/05/24 15:38:21+00,{D4354C45-AC27-41E6-A3F3-322A84940530},2035340.61205973,6808.4167041702
166,,Fort Valley,Neighborhood,,,,,,23.11,0.04,Fort Valley,R,,,GIS,2022/05/24 15:38:21+00,{8FE5DE3F-CB5E-44F1-9246-952DD08BB6CE},1006873.64390191,4199.58966260524
167,,Greenbriar,Neighborhood,,,,,,655.27,1.02,Greenbriar,R,,,GIS,2022/05/24 16:45:55+00,{03870B67-64B1-4A40-ADFB-85C5A5D8211B},28408872.2582211,37425.7240622811
168,,Laurens Valley,Neighborhood,,,,,,124.57,0.19,Laurens Valley,R,,,GIS,2022/05/24 15:38:21+00,{8B6E4A13-C490-46C7-BC50-A020A0D85BF2},5426095.94458749,9536.40418604823
169,,Heritage Valley,Neighborhood,,,,,,243.23,0.38,Heritage Valley,P,,,GIS,2022/05/24 15:38:21+00,{111063FC-582A-4C1D-8E3B-0D4B026AE98E},10595220.6861335,13757.6846810903
170,,Ben Hill Acres,Neighborhood,,,,,,94.39,0.15,Ben Hill Acres,P,,,GIS,2022/05/24 15:38:21+00,{8F9411A4-3EAC-4F1B-996D-299BAFED6293},4111583.31957127,8507.05382828366
171,,Rue Royal,Neighborhood,,,,,,22.54,0.04,Rue Royal,P,,,GIS,2022/05/24 15:38:21+00,{66081CF1-4142-420D-BCDE-9E0D08E4375B},982002.573164279,4574.55699209545
172,,Ben Hill Pines,Neighborhood,,,,,,45.46,0.07,Ben Hill Pines,P,,,GIS,2022/05/24 15:38:21+00,{71BB65A0-8A33-417A-991D-89C28A64D475},1980057.97620224,8094.00603164915
173,,Ben Hill Forest,Neighborhood,,,,,,95.8,0.15,Ben Hill Forest,P,,,GIS,2022/05/24 15:38:21+00,{3C878933-0F32-4151-891B-28D6073FE50B},4173013.65971724,8245.15811988498
174,,Deerwood,Neighborhood,,,,,,118.22,0.18,Deerwood,P,,,GIS,2022/05/24 15:38:21+00,{211F218A-ADB4-4B32-BA66-A7E614697603},5149805.67865015,9925.80623093452
184,,Almond Park,Neighborhood,,,,,,337.31,0.53,Almond Park/Carey Park,G,,,GIS,2022/05/24 15:38:21+00,{E2D6AFCD-7D75-40E1-A900-D1EAE71266E2},14693291.3780726,18366.2129130263
185,,Browns Mill Park,Neighborhood,,,,,,656.34,1.03,Browns Mill Park,Z,,,GIS,2022/05/24 15:38:21+00,{CFF2126B-68F1-4DC6-9A8C-8E869C1C2AA6},28589892.5870887,31132.9218989208
186,,Swallow Circle/Baywood,Neighborhood,,,,,,199.5,0.31,Swallow Circle/Baywood,Z,,,GIS,2022/05/24 15:38:22+00,{C7B1F20E-0B9F-462D-A588-A10F009201C3},8689997.12734252,12494.8820472885
187,,Polar Rock,Neighborhood,,,,,,299.83,0.47,Polar Rock,Z,,,GIS,2022/05/24 15:38:22+00,{7A0CC076-8AF4-485F-8F32-0F6991CE7E2F},13060667.6820682,16462.8112488836
188,,Sylvan Hills,Neighborhood,,,,,,1052.92,1.65,Sylvan Hills,X,,,GIS,2022/05/24 15:38:22+00,{EFB04CA7-E97E-46C8-84BA-1A9798F7C9A6},45865190.3072243,34348.5593064777
189,,Capitol View Manor,Neighborhood,,,,,,146.86,0.23,Capitol View Manor,X,,,GIS,2022/05/24 15:38:22+00,{83DC077C-28F5-4484-BED2-EB34D1267071},6397086.04022308,11071.5685351984
190,,Amal Heights,Neighborhood,,,,,,36.42,0.06,Amal Heights,Y,,,GIS,2022/05/24 15:38:22+00,{404C3E0A-5EB5-49FE-8B54-8A03A4D612EC},1586489.06911175,6472.24074483268
191,,West Lake,Neighborhood,,,,,,185.45,0.29,West Lake,J,,,GIS,2022/05/24 15:38:22+00,{075310B8-F0F0-4434-96B4-E2D519FEF105},8078169.76566293,12575.3874739748
192,,Lakewood Heights,Neighborhood,,,,,,882.83,1.38,Lakewood Heights,Y,,,GIS,2022/05/24 15:38:22+00,{8183053D-F0BB-4392-8F26-7BD8B44BD3EF},38456138.0971449,35541.3395092665
193,,South Atlanta,Neighborhood,,,,,,295.67,0.46,South Atlanta,Y,,,GIS,2022/05/24 15:38:22+00,{B33D913B-ADBE-4777-A8B1-AF1E72F83CEE},12879253.1552119,17023.7348647974
194,,Collier Heights,Neighborhood,,,,,,1247.12,1.95,Collier Heights,I,,,GIS,2022/05/24 15:38:29+00,{EF80017E-56AA-410C-8268-AF51AF95DACA},54324347.5097315,30902.695499515
195,,Ivan Hill,Neighborhood,,,,,,64.65,0.1,Ivan Hill,I,,,GIS,2022/05/24 15:38:29+00,{19F5045B-B48E-4108-B654-1A5BFF723872},2815961.35512774,7480.2403613709
196,,Chalet Woods,Neighborhood,,,,,,76.75,0.12,Chalet Woods,I,,,GIS,2022/05/24 15:38:29+00,{69C4F8B7-A683-414B-B3D9-CE83CCE52A6D},3343174.93379798,7410.57763351248
197,,Florida Heights,Neighborhood,,,,,,247.1,0.39,Florida Heights,I,,,GIS,2022/05/24 15:38:29+00,{08804E6E-9958-45D0-8108-3F9552BC87B7},10763710.4882576,14626.5649874641
198,,Green Acres Valley,Neighborhood,,,,,,48.76,0.08,Green Acres Valley,I,,,GIS,2022/05/24 15:38:29+00,{A4D428B4-F5CD-4308-A5D8-BEDFB6B99195},2123882.50925671,5838.7264355767
199,,Green Forest Acres,Neighborhood,,,,,,101.41,0.16,Green Forest Acres,I,,,GIS,2022/05/24 15:38:29+00,{45742EE9-CDE8-456B-A876-C88370B1A543},4417195.05826563,10358.5924216898
200,,Magnum Manor,Neighborhood,,,,,,150.08,0.23,Magnum Manor,I,,,GIS,2022/05/24 15:38:29+00,{4FE97DFE-BBAC-468A-A2A8-360047D72FE0},6537642.00508123,10419.8601499469
201,,Old Fourth Ward,Neighborhood,,,,,,783.1,1.22,Old Fourth Ward,M,,,GIS,2022/05/24 15:38:29+00,{933AD6B6-681B-4748-8268-7F6C957FE691},34111772.9164449,25771.1156377857
202,,Downtown,Neighborhood,,,,,,1256.23,1.96,Downtown,M,,,GIS,2022/05/24 15:38:29+00,{315A7653-94BA-4921-A507-0BBE6F94BB40},54721302.7612371,32010.5048949933
203,,Georgia Tech,Neighborhood,,,,,,358.85,0.56,Georgia Tech,E,,,GIS,2022/05/24 15:38:29+00,{FCC71FC0-B6EB-4A66-AF21-FC886FC04B48},15631241.6779719,16321.8495169919
204,,Home Park,Neighborhood,,,,,,319.21,0.5,Home Park,E,,,GIS,2022/05/24 15:38:31+00,{158965FD-323D-43A0-963B-057237D93B98},13904726.8161554,16342.7832214698
205,,Midtown,Neighborhood,,,,,,1048.4,1.64,Midtown,E,,,GIS,2022/05/24 15:38:29+00,{562633C6-67C7-4115-9271-3296BB64CD7F},45668318.0819852,48934.8599914345
206,,Ansley Park,Neighborhood,,,,,,388.59,0.61,Ansley Park,E,,,GIS,2022/05/24 15:38:29+00,{81085BBA-9C4E-4A71-AB31-F39801CE61DC},16926843.1885056,23449.0602256669
207,,Brookwood,Neighborhood,,,,,,101.17,0.16,Brookwood,E,,,GIS,2022/05/24 15:38:29+00,{7160E578-A16B-4F40-A51F-A692B717629C},4406751.19379726,11375.2682134709
208,,Ardmore,Neighborhood,,,,,,84.34,0.13,Ardmore/26th Street,E,,,GIS,2022/05/24 15:38:29+00,{B9D2EB5A-CB09-4379-8939-C476B65CA259},3673664.93209345,8177.54601802758
212,,Princeton Lakes,Neighborhood,,,,,,477.17,0.75, ,P,,,GIS,2022/05/24 15:38:29+00,{3D099D6C-FBA5-41A6-96A3-B7B8A98C93A2},20785489.1462065,22102.0310545628
214,,Virginia Highland,Neighborhood,,,,,,670.98,1.05,Virginia-Highland,F,,,GIS,2022/05/24 15:38:31+00,{3457E2EB-86D1-4E12-B2B0-194AD6A4FFC5},29227604.8625986,25037.2232417422
216,,Lake Claire,Neighborhood,,,,,,315.31,0.49,Lake Claire,N,,,GIS,2022/05/24 15:38:30+00,{DF0CE86A-DAEC-4969-A76C-5F19B399E078},13734893.2950069,18778.0049541062
217,,Kirkwood,Neighborhood,,,,,,970.45,1.52,Kirkwood,O,,,GIS,2022/05/24 15:38:32+00,{436FDDF3-98C5-4CDE-87AF-8E69D07F9B7C},42272722.8216234,36633.6798646797
226,,Druid Hills,Neighborhood,,,,,,340.94,0.53,Druid Hills,N,,,GIS,2023/03/15 19:07:07+00,{25A5913A-39FE-4CD6-99A8-7178FD61A888},14872130.4823758,17959.2902127146
230,,Oakland,Neighborhood,,,,,,34.29,0.05, ,W,,,GIS,2022/05/24 15:38:30+00,{CE6EE7C9-CC7E-45A3-9EFF-20068EBD178F},1493743.57170584,6452.29026689077
231,,Atlantic Station,Neighborhood,,,,,,163.06,0.25,Home Park,E,,,GIS,2022/05/24 15:38:30+00,{0E3C70B8-FB96-4598-9392-35B0449DF8FB},7103043.56252157,13535.8660379605
235,,State Facility,Neighborhood,,,,,,117.07,0.18, ,W,,,GIS,2022/05/24 15:38:30+00,{31FC66F7-DF02-405B-A38D-2F42AC9D2993},5099474.51504532,9840.42220270718
243,,Cascade Green,Neighborhood,,,,,,48.93,0.08, ,P,,,GIS,2022/05/24 15:38:31+00,{A7DB3DF4-7D71-4EBF-9B02-8ACF3BB02D3D},2131199.37222096,6056.9154055792
244,,East Lake,Neighborhood,,,,,,782.74,1.22,East Lake,O,,,GIS,2023/02/21 15:54:35+00,{FA809309-67D3-459E-9D67-FB1AC9F689E6},34182429.6817699,40724.213944776
245,,Perkerson,Neighborhood,,,,,,607.81,0.95,Perkerson Park,X,,,GIS,2022/05/24 15:38:31+00,{775531E3-4C24-4A06-B7E8-01BDCE1AE8EB},26475906.8261077,21348.8197949953
246,,Glenrose Heights,Neighborhood,,,,,,892.5,1.39,Glenrose Heights,Z,,,GIS,2022/05/24 15:38:31+00,{D550C0DE-5BCA-4834-A745-F2110B0DF177},38877337.4760031,29362.053624907
247,,Edmund Park,Neighborhood,,,,,,19.27,0.03,Edmund Park,F,,,GIS,2022/05/24 15:38:32+00,{20065007-F26D-4F56-89BB-83980A2ACF9A},839534.7870609,5085.11150761956
248,,Morningside/Lenox Park,Neighborhood,,,,,,1445.95,2.26,Morningside-Lenox Park,F,,,GIS,2023/02/21 15:51:40+00,{0F0F81DD-5048-41DF-976F-9D82C35C6B0D},64036556.6750703,40253.4066415836
249,,East Atlanta,Neighborhood,,,,,,931.53,1.46,East Atlanta,W,,,GIS,2025/01/21 15:43:22+00,{574B2215-C2CA-4719-B687-D6FA8D201AAC},44298283.6028634,56944.4476788414
2561,,Peyton Heights,Neighborhood,,,,,,121.52,0.19,Peyton Heights,I,GIS,2019/04/18 14:02:43+00,GIS,2022/05/24 15:38:31+00,{C6D49604-829F-4AA9-94C9-73E035EE4C51},5293459.86091512,11928.8978690364
3842,,Baker Hills at Campbellton,Neighborhood,,,,,,149.47,0.23,Campbellton,R,GIS,2022/05/24 15:26:55+00,GIS,2022/05/24 15:38:32+00,{5EB79AF6-C62D-4308-A438-A0F7DF2F2890},6510778.59547625,12096.7614004805
3843,,Bonnybrook Estates,Neighborhood,,,,,,74.9,0.12,Greenbriar,R,GIS,2022/05/24 15:27:35+00,GIS,2022/05/24 15:38:32+00,{D00A0821-814D-4EB1-ADEB-4FB4580B7F07},3262659.0356889,8587.96516247649
3844,,Continental Colony,Neighborhood,,,,,,91.93,0.14,Greenbriar,R,GIS,2022/05/24 15:28:19+00,GIS,2022/05/24 16:38:22+00,{BE846791-CAEA-400E-8BFC-8AA171F779EA},4139235.04653127,11589.2312443339
3845,,Emory,Neighborhood,,,,,,,,Emory,F,SHENDERSON,2022/08/24 14:23:41+00,SHENDERSON,2022/08/24 14:27:13+00,{8E289FFF-F383-4A56-BB1E-4426D27799CE},33825547.1395011,51489.7741832991
